handle,titulo,sku,preco,tem_foto,descricao (preencher)
desinfetante-quaternario-de-amonio-5g-5l-galeno,DESINFETANTE QUATERNARIO DE AMONIO 5G 5L GALENO,51261,332.18,sim,
porta-papel-toa-bobina-autocorte-preto-inox-escovado-brave-new-clean,PORTA PAPEL TOA BOBINA  AUTOCORTE PRETO INOX ESCOVADO BRAVE NEW CLEAN,63661,332.14,sim,
cloro-granulado-premium-10kg-aquapool,CLORO GRANULADO PREMIUM 10KG AQUAPOOL,54175,325.76,sim,
papel-toa-int-ext-luxo-22-5x20-5-ipel,"PAPEL TOA INT. EXT LUXO 22,5X20,5 IPEL",91887,320.50,sim,
acabamento-acrilico-5l-startpro,ACABAMENTO ACRILICO 5L STARTPRO,51557,265.07,sim,
start-uhs-acabamento-acrilico-5l-start,START UHS ACABAMENTO ACRILICO 5L START,30369,263.52,sim,
acido-peracetico-5-5l-galeno,ACIDO PERACETICO 5% 5L GALENO,38842,262.30,sim,
start-detergente-maq-5l,START DETERGENTE MAQ 5L,71442,253.08,sim,
garrafa-termolar-1l-lumina-inox,GARRAFA TERMOLAR 1L LUMINA INOX,4091,247.34,não,
papel-toa-interf-2-dobras-100-cel-20cmx23cm-comfort-c-4800fls-nobre,PAPEL TOA INTERF 2 DOBRAS 100% CEL 20CMx23CM COMFORT C/4800FLS NOBRE,37224,239.66,sim,
porta-papel-toalha-bobina-autocorte-compacto-black,PORTA PAPEL TOALHA BOBINA AUTOCORTE COMPACTO BLACK,LDAU200BB,224.82,sim,
porta-papel-toalha-bobina-autocorte,PORTA PAPEL TOALHA BOBINA AUTOCORTE,LDAU200,222.12,sim,
cera-acrilica-master-impermeabilizante-5l-start,CERA ACRILICA MASTER IMPERMEABILIZANTE 5L START,1615,203.00,sim,
acido-peracetico-15-5l-qualimilk,ACIDO PERACETICO 15% 5L QUALIMILK,3527,193.50,sim,
papel-toa-inter-100-cel-22-5x20-5-f-simples-2-dobras-c-5000-fls-ipel,"PAPEL TOA INTER 100%CEL 22,5X20,5 F.SIMPLES 2 DOBRAS C/5000 FLS IPEL",5855,189.75,não,
saco-lixo-100l-hospitalar-infectante-ref-04-c-100-goedert,SACO LIXO 100L HOSPITALAR (INFECTANTE) REF 04 C/100 - GOEDERT,59707,188.24,sim,
starbac-desinfetante-5l,STARBAC DESINFETANTE 5L,71441,182.34,sim,
porta-papel-toa-bobina-alavanca,PORTA PAPEL TOA BOBINA ALAVANCA,,179.80,sim,
tira-ferrugem-azulim-5l,TIRA FERRUGEM AZULIM 5L,6377,176.34,sim,
limpa-placas-solares-5l-startpro,LIMPA PLACAS SOLARES 5L STARTPRO,82119,170.55,sim,
saco-lixo-200l-transparente-c-100-newclean,SACO LIXO 200L TRANSPARENTE C/100 NEWCLEAN,229,169.80,sim,
desinfetante-perfumado-lavanda-5l-azulim,DESINFETANTE PERFUMADO LAVANDA 5L AZULIM,13630,165.06,sim,
porta-papel-toalha-bobina-alavanca-fortcom,PORTA PAPEL TOALHA BOBINA ALAVANCA FORTCOM,LDAL200,161.82,não,
porta-papel-toa-bobina-alavanca-black,PORTA PAPEL TOA BOBINA ALAVANCA BLACK,LDAL200BB,161.82,não,
selador-master-5l-start,SELADOR MASTER 5L START,71171,148.50,sim,
saco-lixo-100l-preto-super-ref-c-100-almofada-newclean,SACO LIXO 100L PRETO SUPER REF. C/100 ALMOFADA NEWCLEAN,2299,147.65,sim,
copo-descartavel-pp-c-2500un-200ml-cristalcopo,COPO DESCARTAVEL PP C/ 2500UN 200ML CRISTALCOPO,720043,145.83,sim,
saco-lixo-100l-hospitalar-infectante-ref-03-c-100-goedert,SACO LIXO 100L HOSPITALAR (INFECTANTE) REF 03 C/100 - GOEDERT,59711,141.22,sim,
saco-lixo-100l-transparente-c-100-newclean,SACO LIXO 100L TRANSPARENTE C/100 NEWCLEAN,227,139.80,sim,
porta-papel-toa-interf-preto-frente-inox-select-new-clean,PORTA PAPEL TOA INTERF PRETO FRENTE INOX SELECT NEW CLEAN,64160,135.54,não,
porta-papel-toa-interf-branco-frente-branco-select-new-clean,PORTA PAPEL TOA INTERF BRANCO FRENTE BRANCO SELECT NEW CLEAN,64161,135.54,sim,
papel-toa-interf-unique-duo-100-celulose-23x20cm-2000fls-mili,PAPEL TOA INTERF UNIQUE DUO 100% CELULOSE 23X20CM 2000FLS MILI,RV001701,132.10,sim,
saco-lixo-300l-transparente-medio-c-50,SACO LIXO 300L TRANSPARENTE MEDIO C/50,,131.60,não,
neutralizador-de-odores-capim-limao-relax-5l-only,NEUTRALIZADOR DE ODORES CAPIM LIMAO RELAX 5L ONLY,7076,127.86,sim,
neutraliz-odores-relax-lavanda-5l-only,NEUTRALIZ ODORES RELAX LAVANDA 5L ONLY,6202,127.86,sim,
start-sec-5l,START SEC 5L,6163,127.54,sim,
papel-toa-bobina-premium-100-cel-20cm-x-200m-c-6-belipel,PAPEL TOA BOBINA PREMIUM 100% CEL 20CM X 200M C/6 BELIPEL,,125.80,sim,
papel-toa-interf-f-dupla-premium-20cm-x-21-5cm-c-2400fls-nobre,"PAPEL TOA INTERF F.DUPLA PREMIUM 20CM x 21,5CM C/ 2400FLS NOBRE",62670,125.46,sim,
desinfetante-a-seco-5l-qualifood,DESINFETANTE A SECO 5L QUALIFOOD,73215,123.72,sim,
sh-3000-plus-qualimilk-5l,SH 3000 PLUS QUALIMILK 5L,71172,123.52,sim,
copo-descartavel-ps-cx-2500-200ml-copobom,COPO DESCARTAVEL PS CX/2500 200ML COPOBOM,6.81,123.37,sim,
copo-ps-c-5000un-50ml-cristalcopo,COPO PS C/5000UN 50ML CRISTALCOPO,200001,117.42,sim,
saco-lixo-100l-preto-reforcado-c-100-almofada-newclean,SACO LIXO 100L PRETO REFORÇADO C/100 ALMOFADA NEWCLEAN,2289,116.68,sim,
npf-10000-alcalino-5l-start,NPF 10000 ALCALINO 5L START,1613,113.22,sim,
fx-5000-ativado-1-100-5l-start,FX 5000 ATIVADO 1:100 5L START,380,113.22,sim,
sh-4000-5l,SH 4000 5L,71439,109.19,sim,
sh-5000-5l,SH 5000 5L,71173,109.09,sim,
saco-lixo-200l-leve-papelial,SACO LIXO 200L LEVE PAPELIAL,36617,106.91,sim,
pretita-cera-liquida-5l-start,PRETITA CERA LIQUIDA 5L START,1281,106.10,sim,
sol-acida-start-5l-limpeza-pesada,SOL ACIDA START 5L LIMPEZA PESADA,411,106.06,sim,
porta-sab-alc-espuma-c-reservatorio-branco-select-new-clean,PORTA SAB/ALC ESPUMA C/ RESERVATORIO BRANCO SELECT NEW CLEAN,63597,105.78,sim,
cloro-granulado-premium-3kg-aquapool,CLORO GRANULADO PREMIUM 3KG AQUAPOOL,71949,103.90,sim,
detergente-clorado-desincrustante-alcalino-5l-start,DETERGENTE CLORADO DESINCRUSTANTE ALCALINO 5L START,6583,102.46,sim,
vassoura-pelo-animal-60-cm-c-cabo,VASSOURA PELO ANIMAL 60 CM C/CABO,1707,102.00,sim,
papel-toa-bobina-100-celulose-hpel-6x200m,PAPEL TOA BOBINA 100% CELULOSE HPEL 6X200M,215400,98.98,não,
papel-hig-rolao-premium-300m-c-8-belipel,PAPEL HIG ROLAO PREMIUM 300M C/8 BELIPEL,,93.63,sim,
limpador-flotador-alcalino-lavanda-5l-maximoom,LIMPADOR FLOTADOR ALCALINO LAVANDA 5L MAXIMOOM,51556,90.41,sim,
alcalino-maximoom-5l,ALCALINO MAXIMOOM  5L,30374,90.25,sim,
saco-lixo-ref-50-63x80cm-c-100unid-leve-preto-nobre-new-05,SACO LIXO REF.50 63X80CM C/100UNID. (LEVE) PRETO - NOBRE NEW 05,39595,88.10,sim,
saco-lixo-100l-preto-extra-ref-c-100-almofada-newclean,SACO LIXO 100L PRETO EXTRA REF. C/100 ALMOFADA NEWCLEAN,1615,88.00,sim,
saco-lixo-50l-transparente-c-100-newclean,SACO LIXO 50L TRANSPARENTE C/100 NEWCLEAN,235,87.40,não,
desinfetante-max-limao-5l-zupper-start,DESINFETANTE MAX LIMAO 5L ZUPPER START,464,87.00,sim,
vassoura-pelo-animal-40-cm-c-cabo,VASSOURA PELO ANIMAL 40 CM C/CABO,1706,82.00,sim,
shamol-detergente-automotivo-indy-studio-3l,SHAMOL DETERGENTE AUTOMOTIVO INDY STUDIO 3L,81847,81.64,sim,
desinfetante-quaternario-de-amonio-5g-1l-galeno,DESINFETANTE QUATERNARIO DE AMONIO 5G 1L GALENO,55510,79.72,sim,
detergente-limpa-rejuntes-desincrustante-5l-start,DETERGENTE LIMPA REJUNTES DESINCRUSTANTE 5L START,207,78.08,sim,
conjunto-mop-rotatorio-compact-balde-9l-c-cesto-plastico-e-1-refisazul-petroleo-nobre,CONJUNTO MOP  ROTATORIO COMPACT BALDE 9L C/CESTO PLASTICO E 1 REFISAZUL PETROLEO  NOBRE,54344,77.94,sim,
bactericida-5l-maximoom,BACTERICIDA 5L MAXIMOOM,64843,77.92,sim,
alcool-em-gel-cristal-asseptgel-5l,ALCOOL EM GEL CRISTAL ASSEPTGEL 5L,36838,77.74,sim,
suporte-papel-hig-rolao-br-32779-nobre,SUPORTE PAPEL HIG ROLAO BR 32779 (NOBRE),1699,77.54,sim,
suporte-papel-hig-rolao-br-19650,SUPORTE PAPEL HIG ROLAO BR 19650*,42695,77.54,sim,
disco-limpador-removedor-preto-510mm-sb,DISCO LIMPADOR REMOVEDOR PRETO 510MM SB,1349,77.48,não,
papel-hig-rolao-gold-300m-c-8-belipel,PAPEL HIG ROLAO GOLD 300M C/8 BELIPEL,,77.14,sim,
papel-hig-rolao-100-ouro-240m-c-8-benn,PAPEL HIG ROLAO 100% OURO 240M C/8 BENN,43.511,75.88,não,
removedor-ceras-e-limpeza-pesada-5l-magico,REMOVEDOR CERAS E LIMPEZA PESADA 5L MAGICO,231,75.12,sim,
rodo-spray-multiuso-38934,RODO SPRAY MULTIUSO 38934,64506,74.31,sim,
saco-lixo-105l-preto-reforc-almofada-c-100-super-pro,SACO LIXO 105L PRETO REFORC ALMOFADA C/100 SUPER PRO,SP18105PRA,74.04,sim,
detergente-neutro-concentrado-5l-argus,DETERGENTE NEUTRO CONCENTRADO 5L ARGUS,177,73.34,sim,
disco-limpador-verde-510mm-betanin,DISCO LIMPADOR VERDE 510MM BETANIN,6205,72.70,não,
algicida-choque-e-manutencao-liquido-5l-aquapool,ALGICIDA CHOQUE E MANUTENCAO LIQUIDO 5L AQUAPOOL,76366,71.24,sim,
sabonete-liquido-antisseptico-sem-aroma-asseptgel-5l,SABONETE LIQUIDO ANTISSEPTICO SEM AROMA ASSEPTGEL 5L,1625,68.52,sim,
alcool-em-gel-p-queima-nat-fogogel-5l,ALCOOL EM GEL P/ QUEIMA NAT FOGOGEL 5L,1310,68.16,sim,
saco-lixo-105l-preto-almofada-medio-c-100-super-pro,SACO LIXO 105L PRETO ALMOFADA MEDIO C/100 SUPER PRO,SP18105PMA,68.04,sim,
cp-3000-desincrustante-acido-5l-start,CP 3000 DESINCRUSTANTE ACIDO 5L START,1585,67.90,sim,
sh-detergente-de-5l-qualifood,SH DETERGENTE DE 5L QUALIFOOD,1500,67.30,sim,
fralda-pampers-premium-care-rn-ate-6kg-c-36,FRALDA PAMPERS PREMIUM CARE RN+ ATE 6kg C/36,000000000000105925,66.82,sim,
saco-lixo-50l-hospitalar-infectante-c-100-goedert,SACO LIXO 50L HOSPITALAR (INFECTANTE) C/100 - GOEDERT,59708,66.46,sim,
cera-acrilica-impermeabilizante-2l-start,CERA ACRILICA IMPERMEABILIZANTE 2L START,1616,65.52,sim,
acabamento-acrilico-startpro-1l,ACABAMENTO ACRILICO STARTPRO 1L,58397,65.30,sim,
caixa-plastica-vazada-azul-54x36x30-unidade,CAIXA PLASTICA VAZADA AZUL 54X36X30 UNIDADE,71630,64.80,sim,
saco-lixo-105l-preto-leve-almofada-c-100-super-pro,SACO LIXO 105L PRETO LEVE ALMOFADA C/100 SUPER PRO,SP18105PLA,64.03,sim,
gel-contato-5-kg-bag-multigel,GEL CONTATO 5 KG (BAG) - MULTIGEL,,63.98,sim,
detergente-arklux-clorado-5-litros,DETERGENTE ARKLUX CLORADO 5 LITROS,635,63.75,sim,
vassoura-pelo-sintetico-60cm,VASSOURA PELO SINTETICO 60CM,,63.40,sim,
dispenser-multicopo-branco-150-a-200ml-nobre,DISPENSER MULTICOPO BRANCO 150 A 200ML NOBRE,53308,62.80,sim,
limpa-pedras-5l-pedrex,LIMPA PEDRAS 5L PEDREX,77,62.41,sim,
filme-pvc-lusafilm-28cm-300mts-unidade,FILME PVC LUSAFILM 28CM 300MTS UNIDADE,7885,61.43,sim,
limpa-carpetes-start-5l,LIMPA CARPETES START 5L,212,60.97,sim,
limpa-porcelanato-lavanda-5l-startpro,LIMPA PORCELANATO LAVANDA 5L STARTPRO,30375,60.34,sim,
saco-lixo-60l-preto-super-ref-c-100-almofada-newclean,SACO LIXO 60L PRETO SUPER REF. C/100 ALMOFADA NEWCLEAN,2401,60.07,sim,
limpador-concentrado-gel-lavanda-5kg-azulim,LIMPADOR CONCENTRADO GEL LAVANDA 5KG AZULIM,45455,59.90,sim,
npf-8000-1-40-det-alcalino-5l-start,NPF 8000 1:40 DET ALCALINO 5L START,150,59.82,sim,
fx-4000-ativado-1-40-5l-start,FX 4000 ATIVADO 1:40 5L START,168,59.82,sim,
peroxy-flot-1-litro,PEROXY FLOT 1 LITRO,10000356,59.59,sim,
flotador-limpeza-pesada-5l-azulim,FLOTADOR LIMPEZA PESADA 5L AZULIM,57946,58.86,sim,
condicionador-restaurador-4-8-kg-biohair,"CONDICIONADOR RESTAURADOR 4,8 KG BIOHAIR",73637,57.60,sim,
rodo-aluminio-60-cm-cabo-1-50-m-rodomax,RODO ALUMINIO 60 CM / CABO 1.50 M - RODOMAX,PRD00004,57.58,sim,
rodo-aluminio-industrial-40-cm-cabo-1-50-m,"RODO ALUMINIO INDUSTRIAL 40 CM CABO 1,50 M",1713,57.00,sim,
saco-lixo-100l-preto-forte-c-100-newclean,SACO LIXO 100L PRETO FORTE C/100 NEWCLEAN,2705,56.96,sim,
limpador-gel-azulim-eucalipto-5kg,LIMPADOR GEL AZULIM EUCALIPTO 5KG,45453,56.46,não,
limpador-concentrado-gel-mariner-5kg-azulim,LIMPADOR CONCENTRADO GEL MARINER 5KG AZULIM,30362,56.46,sim,
limpador-concentrado-gel-floral-5kg-azulim,LIMPADOR CONCENTRADO GEL FLORAL 5KG AZULIM,30378,56.46,sim,
aquecedor-de-agua-1200w-127v-mergulhao,AQUECEDOR DE AGUA 1200W 127V (MERGULHAO),,55.90,sim,
papel-hig-rolao-branco-soft-300m-c-8-hpel,PAPEL HIG ROLAO BRANCO SOFT 300M C/8 HPEL,215399,55.63,não,
hipoclorito-de-sodio-cloro-ativo-5l-start,HIPOCLORITO DE SODIO CLORO ATIVO 5L START,200,55.30,sim,
sh-7000-detergente-automotivo-5l-1-100,SH 7000 DETERGENTE AUTOMOTIVO 5L 1:100,267,55.20,sim,
saboneteira-reservatorio-sabonete-liquido-gel-black,SABONETEIRA RESERVATORIO SABONETE LIQUIDO/GEL BLACK,4.01.03.059,54.90,não,
sabonete-liquido-petala-de-flores-erva-doce-start-5l,SABONETE LIQUIDO PETALA DE FLORES ERVA DOCE START 5L,18854,54.79,sim,
sabonete-liquido-petala-de-flores-soft-start-5l,SABONETE LIQUIDO PETALA DE FLORES SOFT START 5L,30365,54.48,sim,
sabonete-liquido-de-flores-bouquet-verde-petala-5l,SABONETE LIQUIDO DE FLORES BOUQUET VERDE PETALA 5L,18853,54.36,sim,
saco-lixo-100l-preto-leve-c-100-almofada-new-clean,SACO LIXO 100L PRETO LEVE C/100 ALMOFADA NEW CLEAN,,53.82,sim,
refil-mop-po-80-cm,REFIL MOP PO 80 CM,09.100,53.79,não,
shampoo-limpeza-suave-biohair-5l,SHAMPOO LIMPEZA SUAVE BIOHAIR 5L,73639,52.46,sim,
saco-lixo-110l-preto-papelial,SACO LIXO 110L PRETO PAPELIAL,87596,51.95,sim,
luva-vabene-viniflex-m-c-100-caixa-c-100-unds,LUVA VABENE VINIFLEX M C 100 CAIXA C 100 UNDS,51113,51.80,sim,
npf-10000-alcalino-2l-start,NPF 10000 ALCALINO 2L START,148,51.64,sim,
fx-5000-ativado-1-100-2l-start,FX 5000 ATIVADO 1:100 2L START,157,51.64,sim,
papel-hig-rolao-silver-300m-c-8-belipel,PAPEL HIG ROLAO SILVER 300M C/8 BELIPEL,18363,51.60,sim,
saco-lixo-100l-preto-medio-c-100-almofada-new-clean,SACO LIXO 100L PRETO MEDIO C/100 ALMOFADA NEW CLEAN,,50.66,sim,
sh-1000-detergente-automotivo-5l-1-10,SH 1000 DETERGENTE AUTOMOTIVO 5L 1:10,258,49.90,sim,
saboneteira-reservatorio-sabonete-liquido-gel-white,SABONETEIRA RESERVATORIO SABONETE LIQUIDO/GEL WHITE,4.01.03.056,49.90,não,
alcool-liquido-70-safra-70-inpm-hospitalar-5l,ALCOOL LIQUIDO 70 SAFRA 70 INPM HOSPITALAR 5L,20292,49.90,sim,
porta-papel-toalha-interf-black-fortcom,PORTA PAPEL TOALHA INTERF BLACK FORTCOM,LDTI600BB,49.48,sim,
porta-papel-hig-rolao-black,PORTA PAPEL HIG ROLÃO BLACK,LDPR500BB,49.48,sim,
saco-lixo-50l-preto-brilhus-mega-c-100,SACO LIXO 50L PRETO BRILHUS MEGA C/100,25009,49.47,sim,
tuff-lava-roupas-clear-soft-concentrado-5l,TUFF LAVA ROUPAS CLEAR SOFT CONCENTRADO 5L,54,49.39,sim,
difusor-de-aromas-maldivas-250ml-only,DIFUSOR DE AROMAS MALDIVAS 250ML ONLY,76813,49.30,sim,
limpa-ceramicas-e-azulejos-lavanda-5l-azulim,LIMPA CERAMICAS E AZULEJOS LAVANDA 5L AZULIM,1582,49.14,sim,
cabo-aluminio-1-50cm-pont-manopla-verde-azulim,"CABO ALUMINIO 1,50CM PONT MANOPLA VERDE AZULIM",70682,48.94,sim,
cabo-aluminio-1-50cm-pont-manopla-azul-azulim,"CABO ALUMINIO 1,50CM PONT MANOPLA AZUL AZULIM",70683,48.94,sim,
alcool-em-gel-antisseptico-70-inpm-tupi-5kg,ALCOOL EM GEL ANTISSEPTICO 70° INPM TUPI 5KG,80570,48.33,sim,
rodo-plastico-articulado-twist-clean-cinza-45-cm,RODO PLASTICO ARTICULADO TWIST CLEAN CINZA 45 CM,4279,47.80,não,
limpador-concentrado-gel-erva-doce-5kg-azulim,LIMPADOR CONCENTRADO GEL ERVA DOCE 5KG AZULIM,30379,47.58,sim,
saco-lixo-60l-preto-medio-c-100-super-pro,SACO LIXO 60L PRETO MEDIO C/100 SUPER PRO,SP18060PRM,47.37,sim,
rodo-aluminio-40-cm-cabo-1-50-m-rodomax,RODO ALUMINIO 40 CM / CABO 1.50 M - RODOMAX,PRD00002,47.03,sim,
porta-papel-toa-interf-branco-street-new-clean,PORTA PAPEL TOA INTERF BRANCO STREET NEW CLEAN,63596,47.02,sim,
alcool-liquido-neutro-70-tupi-5l,ALCOOL LIQUIDO NEUTRO 70% TUPI 5L,80571,46.90,sim,
porta-papel-toalha-interf-dropy-fortcom,PORTA PAPEL TOALHA INTERF DROPY FORTCOM,LDTI600,45.81,sim,
porta-papel-hig-rolao-dropy,PORTA PAPEL HIG ROLÃO DROPY,LDPR500,45.81,sim,
cloro-5-5l-start,CLORO 5% 5L START,30385,45.60,sim,
