handle,titulo,sku,preco,disponivel,link_admin_busca
amaciante-de-roupas-3l-classico-floral,AMACIANTE DE ROUPAS 3L CLASSICO FLORAL,94324,29.90,sim,https://admin.shopify.com/store/dfd10g-i2/products?query=amaciante-de-roupas-3l-classico-floral
armacao-mop-po-euro-40-cm-para-refil-dobravel-quot-com-abas-quot,ARMACAO MOP PO EURO 40 CM-(PARA REFIL DOBRAVEL &quot;COM ABAS&quot;),1365,27.70,sim,https://admin.shopify.com/store/dfd10g-i2/products?query=armacao-mop-po-euro-40-cm-para-refil-dobravel-quot-com-abas-quot
biscoito-cracker-lamin-300g-marilan,BISCOITO CRACKER LAMIN 300G MARILAN,189723,9.04,sim,https://admin.shopify.com/store/dfd10g-i2/products?query=biscoito-cracker-lamin-300g-marilan
borrifador-plast-300ml-liso,BORRIFADOR PLAST. 300ML LISO,102677,6.99,sim,https://admin.shopify.com/store/dfd10g-i2/products?query=borrifador-plast-300ml-liso
borrifador-plast-500ml-liso,BORRIFADOR PLAST. 500ML LISO,102676,7.99,sim,https://admin.shopify.com/store/dfd10g-i2/products?query=borrifador-plast-500ml-liso
cabo-de-aluminio-50-cm-azul-com-rosca-estriado,CABO DE ALUMINIO 50 CM AZUL COM ROSCA ESTRIADO,675,12.48,sim,https://admin.shopify.com/store/dfd10g-i2/products?query=cabo-de-aluminio-50-cm-azul-com-rosca-estriado
cafe-cafuso-tradicional-250g,CAFE CAFUSO TRADICIONAL 250G,,17.90,sim,https://admin.shopify.com/store/dfd10g-i2/products?query=cafe-cafuso-tradicional-250g
cloro-5l-lavve,CLORO 5L LAVVE,233,18.04,sim,https://admin.shopify.com/store/dfd10g-i2/products?query=cloro-5l-lavve
disco-limpador-removedor-preto-350mm-sb,DISCO LIMPADOR REMOVEDOR PRETO 350MM SB,1477,35.69,sim,https://admin.shopify.com/store/dfd10g-i2/products?query=disco-limpador-removedor-preto-350mm-sb
disco-limpador-removedor-preto-510mm-sb,DISCO LIMPADOR REMOVEDOR PRETO 510MM SB,1349,77.48,sim,https://admin.shopify.com/store/dfd10g-i2/products?query=disco-limpador-removedor-preto-510mm-sb
disco-limpador-verde-510mm-betanin,DISCO LIMPADOR VERDE 510MM BETANIN,6205,72.70,sim,https://admin.shopify.com/store/dfd10g-i2/products?query=disco-limpador-verde-510mm-betanin
esponja-dupla-face-verde-amarelo-pop-bulk-c-4,ESPONJA DUPLA FACE VERDE/AMARELO POP BULK C/4,,3.90,sim,https://admin.shopify.com/store/dfd10g-i2/products?query=esponja-dupla-face-verde-amarelo-pop-bulk-c-4
flanela-branca-28-x-38-cm,FLANELA BRANCA 28 X 38 CM,00050,3.30,sim,https://admin.shopify.com/store/dfd10g-i2/products?query=flanela-branca-28-x-38-cm
garrafa-termolar-1l-lumina-inox,GARRAFA TERMOLAR 1L LUMINA INOX,4091,247.34,sim,https://admin.shopify.com/store/dfd10g-i2/products?query=garrafa-termolar-1l-lumina-inox
kit-urna-e-cupons-start,KIT URNA E CUPONS START,42572,26.61,sim,https://admin.shopify.com/store/dfd10g-i2/products?query=kit-urna-e-cupons-start
lava-louca-neutro-concentrado-plus-5l-arkilux,LAVA LOUCA NEUTRO CONCENTRADO PLUS 5L ARKILUX,046,28.37,sim,https://admin.shopify.com/store/dfd10g-i2/products?query=lava-louca-neutro-concentrado-plus-5l-arkilux
limpador-gel-azulim-eucalipto-5kg,LIMPADOR GEL AZULIM EUCALIPTO 5KG,45453,56.46,sim,https://admin.shopify.com/store/dfd10g-i2/products?query=limpador-gel-azulim-eucalipto-5kg
limpador-perfumado-arkilux-floral-5-litros,LIMPADOR PERFUMADO ARKILUX FLORAL 5 LITROS,58,17.99,sim,https://admin.shopify.com/store/dfd10g-i2/products?query=limpador-perfumado-arkilux-floral-5-litros
pa-lixo-plastico-pa-de-mao,PA LIXO PLASTICO ( PA DE MAO ),41,5.98,sim,https://admin.shopify.com/store/dfd10g-i2/products?query=pa-lixo-plastico-pa-de-mao
pano-chao-saco-alvejado-60x80cm-rxnl,PANO CHÃO (SACO ALVEJADO) 60X80CM RXNL,43545,9.90,sim,https://admin.shopify.com/store/dfd10g-i2/products?query=pano-chao-saco-alvejado-60x80cm-rxnl
papel-hig-rolao-100-ouro-240m-c-8-benn,PAPEL HIG ROLAO 100% OURO 240M C/8 BENN,43.511,75.88,sim,https://admin.shopify.com/store/dfd10g-i2/products?query=papel-hig-rolao-100-ouro-240m-c-8-benn
papel-hig-rolao-300m-gold-un,PAPEL HIG ROLAO 300M GOLD (UN),1679,13.98,sim,https://admin.shopify.com/store/dfd10g-i2/products?query=papel-hig-rolao-300m-gold-un
papel-hig-rolao-300m-premium-un,PAPEL HIG ROLAO 300M PREMIUM (UN),1677,22.50,sim,https://admin.shopify.com/store/dfd10g-i2/products?query=papel-hig-rolao-300m-premium-un
papel-hig-rolao-300m-silver-un,PAPEL HIG ROLAO 300M SILVER (UN),1678,11.24,sim,https://admin.shopify.com/store/dfd10g-i2/products?query=papel-hig-rolao-300m-silver-un
papel-hig-rolao-branco-soft-300m-c-8-hpel,PAPEL HIG ROLAO BRANCO SOFT 300M C/8 HPEL,215399,55.63,sim,https://admin.shopify.com/store/dfd10g-i2/products?query=papel-hig-rolao-branco-soft-300m-c-8-hpel
papel-toa-bobina-100-celulose-hpel-6x200m,PAPEL TOA BOBINA 100% CELULOSE HPEL 6X200M,215400,98.98,sim,https://admin.shopify.com/store/dfd10g-i2/products?query=papel-toa-bobina-100-celulose-hpel-6x200m
papel-toa-bobina-belipel-premium-200m-un,PAPEL TOA BOBINA BELIPEL PREMIUM 200M (UN),,29.39,sim,https://admin.shopify.com/store/dfd10g-i2/products?query=papel-toa-bobina-belipel-premium-200m-un
papel-toa-bobina-belipel-silver-200m-un,PAPEL TOA BOBINA BELIPEL SILVER 200M (UN),,20.99,sim,https://admin.shopify.com/store/dfd10g-i2/products?query=papel-toa-bobina-belipel-silver-200m-un
papel-toa-inter-100-cel-22-5x20-5-f-simples-2-dobras-c-5000-fls-ipel,"PAPEL TOA INTER 100%CEL 22,5X20,5 F.SIMPLES 2 DOBRAS C/5000 FLS IPEL",5855,189.75,sim,https://admin.shopify.com/store/dfd10g-i2/products?query=papel-toa-inter-100-cel-22-5x20-5-f-simples-2-dobras-c-5000-fls-ipel
papel-toa-interf-100-cel-19-5x20-c-1000-fls-benn,"PAPEL TOA INTERF 100% CEL 19,5X20 C/1000 FLS BENN",34.85,23.56,sim,https://admin.shopify.com/store/dfd10g-i2/products?query=papel-toa-interf-100-cel-19-5x20-c-1000-fls-benn
papel-toa-interf-20-cm-x-21-cm-slim-100-celulose-c-1000-fls-hpel,PAPEL TOA INTERF 20 CM X 21 CM SLIM 100% CELULOSE C/1000 FLS HPEL,215166,17.98,sim,https://admin.shopify.com/store/dfd10g-i2/products?query=papel-toa-interf-20-cm-x-21-cm-slim-100-celulose-c-1000-fls-hpel
papel-toa-interf-premium-c-250-fls-belipel,PAPEL TOA INTERF PREMIUM C/250 FLS BELIPEL,,9.00,sim,https://admin.shopify.com/store/dfd10g-i2/products?query=papel-toa-interf-premium-c-250-fls-belipel
papel-toa-interfolha-folha-dupla-c-240-fls-santher,PAPEL TOA INTERFOLHA FOLHA DUPLA C/240 FLS SANTHER,,32.50,sim,https://admin.shopify.com/store/dfd10g-i2/products?query=papel-toa-interfolha-folha-dupla-c-240-fls-santher
papel-toa-interfolha-folha-dupla-c-250-fls-ipel,PAPEL TOA INTERFOLHA FOLHA DUPLA C/250 FLS IPEL,,22.50,sim,https://admin.shopify.com/store/dfd10g-i2/products?query=papel-toa-interfolha-folha-dupla-c-250-fls-ipel
pastilha-adesiva-sanitaria-lavanda-029,PASTILHA ADESIVA SANITARIA LAVANDA 029,101137,5.58,sim,https://admin.shopify.com/store/dfd10g-i2/products?query=pastilha-adesiva-sanitaria-lavanda-029
pega-fibra-limpeza-geral-verde-pequena-25x10cm,PEGA FIBRA LIMPEZA GERAL VERDE PEQUENA 25X10CM,1556,4.16,sim,https://admin.shopify.com/store/dfd10g-i2/products?query=pega-fibra-limpeza-geral-verde-pequena-25x10cm
pega-fibra-limpeza-leve-branca-plus-42x13cm,PEGA FIBRA LIMPEZA LEVE BRANCA PLUS 42X13CM,1558,8.12,sim,https://admin.shopify.com/store/dfd10g-i2/products?query=pega-fibra-limpeza-leve-branca-plus-42x13cm
pega-fibra-limpeza-pesada-verde-pequena-25x10cm,PEGA FIBRA LIMPEZA PESADA VERDE PEQUENA 25X10CM,1557,6.22,sim,https://admin.shopify.com/store/dfd10g-i2/products?query=pega-fibra-limpeza-pesada-verde-pequena-25x10cm
porta-papel-toa-bobina-alavanca-black,PORTA PAPEL TOA BOBINA ALAVANCA BLACK,LDAL200BB,161.82,sim,https://admin.shopify.com/store/dfd10g-i2/products?query=porta-papel-toa-bobina-alavanca-black
porta-papel-toa-interf-preto-frente-inox-select-new-clean,PORTA PAPEL TOA INTERF PRETO FRENTE INOX SELECT NEW CLEAN,64160,135.54,sim,https://admin.shopify.com/store/dfd10g-i2/products?query=porta-papel-toa-interf-preto-frente-inox-select-new-clean
porta-papel-toa-interfolhado-mazzo-extra,PORTA PAPEL TOA INTERFOLHADO MAZZO EXTRA,,33.29,sim,https://admin.shopify.com/store/dfd10g-i2/products?query=porta-papel-toa-interfolhado-mazzo-extra
porta-papel-toalha-bobina-alavanca-fortcom,PORTA PAPEL TOALHA BOBINA ALAVANCA FORTCOM,LDAL200,161.82,sim,https://admin.shopify.com/store/dfd10g-i2/products?query=porta-papel-toalha-bobina-alavanca-fortcom
refil-mop-po-80-cm,REFIL MOP PO 80 CM,09.100,53.79,sim,https://admin.shopify.com/store/dfd10g-i2/products?query=refil-mop-po-80-cm
refil-mop-po-acrilico-euro-pc-40-cm-para-armacao-dobravel,REFIL MOP PO ACRILICO EURO PC 40 CM-(PARA ARMACAO DOBRAVEL),1787,34.92,sim,https://admin.shopify.com/store/dfd10g-i2/products?query=refil-mop-po-acrilico-euro-pc-40-cm-para-armacao-dobravel
refil-mop-po-acrilico-pc-p-lt-25-cm,REFIL MOP PO ACRILICO PC P/ LT 25 CM,1498,25.14,sim,https://admin.shopify.com/store/dfd10g-i2/products?query=refil-mop-po-acrilico-pc-p-lt-25-cm
removedor-arkilux-5l,REMOVEDOR ARKILUX 5L,252,37.31,sim,https://admin.shopify.com/store/dfd10g-i2/products?query=removedor-arkilux-5l
rodo-plastico-articulado-twist-clean-cinza-45-cm,RODO PLASTICO ARTICULADO TWIST CLEAN CINZA 45 CM,4279,47.80,sim,https://admin.shopify.com/store/dfd10g-i2/products?query=rodo-plastico-articulado-twist-clean-cinza-45-cm
rodo-plastico-dry-35-cm-cinza,RODO PLASTICO DRY 35 CM CINZA,2409,22.82,sim,https://admin.shopify.com/store/dfd10g-i2/products?query=rodo-plastico-dry-35-cm-cinza
rodo-plastico-eco-40cm-verde-tiffany,RODO PLASTICO ECO 40CM VERDE TIFFANY,2647,19.22,sim,https://admin.shopify.com/store/dfd10g-i2/products?query=rodo-plastico-eco-40cm-verde-tiffany
sabao-em-barra-neutro-c-5-unidades,SABAO EM BARRA NEUTRO C/5 UNIDADES,9.177,12.92,sim,https://admin.shopify.com/store/dfd10g-i2/products?query=sabao-em-barra-neutro-c-5-unidades
saboneteira-liq-gel-c-reservatorio-500ml-branco-nobre,SABONETEIRA  LIQ/GEL C/RESERVATORIO 500ML BRANCO NOBRE,48385,31.90,sim,https://admin.shopify.com/store/dfd10g-i2/products?query=saboneteira-liq-gel-c-reservatorio-500ml-branco-nobre
saboneteira-extra-reservatorio-800-ml-mazzo,SABONETEIRA EXTRA RESERVATORIO 800 ML MAZZO,,33.29,sim,https://admin.shopify.com/store/dfd10g-i2/products?query=saboneteira-extra-reservatorio-800-ml-mazzo
saboneteira-refil-espuma-e-spray-white,SABONETEIRA REFIL ESPUMA E SPRAY WHITE,4.01.03.007,32.35,sim,https://admin.shopify.com/store/dfd10g-i2/products?query=saboneteira-refil-espuma-e-spray-white
saboneteira-reservatorio-sabonete-liquido-gel-black,SABONETEIRA RESERVATORIO SABONETE LIQUIDO/GEL BLACK,4.01.03.059,54.90,sim,https://admin.shopify.com/store/dfd10g-i2/products?query=saboneteira-reservatorio-sabonete-liquido-gel-black
saboneteira-reservatorio-sabonete-liquido-gel-white,SABONETEIRA RESERVATORIO SABONETE LIQUIDO/GEL WHITE,4.01.03.056,49.90,sim,https://admin.shopify.com/store/dfd10g-i2/products?query=saboneteira-reservatorio-sabonete-liquido-gel-white
saco-lixo-100l-preto-leve-c-100-newclean,SACO LIXO 100L PRETO LEVE C/100 NEWCLEAN,2703,35.98,sim,https://admin.shopify.com/store/dfd10g-i2/products?query=saco-lixo-100l-preto-leve-c-100-newclean
saco-lixo-20l-preto-c-100-max,SACO LIXO 20L PRETO C/100 MAX,4.265,11.58,sim,https://admin.shopify.com/store/dfd10g-i2/products?query=saco-lixo-20l-preto-c-100-max
saco-lixo-300l-transparente-medio-c-50,SACO LIXO 300L TRANSPARENTE MEDIO C/50,,131.60,sim,https://admin.shopify.com/store/dfd10g-i2/products?query=saco-lixo-300l-transparente-medio-c-50
saco-lixo-50l-preto-azulim-almofada-c-10,SACO LIXO 50L PRETO AZULIM ALMOFADA C/10,58762,8.04,sim,https://admin.shopify.com/store/dfd10g-i2/products?query=saco-lixo-50l-preto-azulim-almofada-c-10
saco-lixo-50l-transparente-c-100-newclean,SACO LIXO 50L TRANSPARENTE C/100 NEWCLEAN,235,87.40,sim,https://admin.shopify.com/store/dfd10g-i2/products?query=saco-lixo-50l-transparente-c-100-newclean
saco-lixo-60l-preto-c-100-almofada-new-clean,SACO LIXO 60L PRETO C/100 ALMOFADA NEW CLEAN,,32.48,sim,https://admin.shopify.com/store/dfd10g-i2/products?query=saco-lixo-60l-preto-c-100-almofada-new-clean
saco-lixo-60l-preto-c-100-newclean,SACO LIXO 60L PRETO C/100 NEWCLEAN,2702,21.98,sim,https://admin.shopify.com/store/dfd10g-i2/products?query=saco-lixo-60l-preto-c-100-newclean
saco-lixo-60l-transparente-c-100-ples,SACO LIXO 60L TRANSPARENTE C/100 PLES,75,34.77,sim,https://admin.shopify.com/store/dfd10g-i2/products?query=saco-lixo-60l-transparente-c-100-ples
suporte-lt-verde-c-velcro-22x9cm,SUPORTE LT VERDE C/VELCRO 22X9CM,757,18.92,sim,https://admin.shopify.com/store/dfd10g-i2/products?query=suporte-lt-verde-c-velcro-22x9cm
suporte-lt-vermelho-c-garra-22x9cm,SUPORTE LT VERMELHO C/GARRA 22X9CM,36,14.60,sim,https://admin.shopify.com/store/dfd10g-i2/products?query=suporte-lt-vermelho-c-garra-22x9cm
suporte-mop-umido-azul,SUPORTE MOP UMIDO AZUL,40,8.60,sim,https://admin.shopify.com/store/dfd10g-i2/products?query=suporte-mop-umido-azul
tela-para-mictorio-azul-c-cheiro,TELA PARA MICTORIO AZUL C/CHEIRO,41,4.60,sim,https://admin.shopify.com/store/dfd10g-i2/products?query=tela-para-mictorio-azul-c-cheiro
vassoura-de-nylon-florica,VASSOURA DE NYLON FLORICA,298,17.51,sim,https://admin.shopify.com/store/dfd10g-i2/products?query=vassoura-de-nylon-florica
vassoura-piacava-n-05-ideal-cabo-liso,VASSOURA PIACAVA N. 05 IDEAL CABO LISO,PRD00022,23.41,sim,https://admin.shopify.com/store/dfd10g-i2/products?query=vassoura-piacava-n-05-ideal-cabo-liso
agua-destilada-5l,AGUA DESTILADA 5L,877034138,17.80,não,https://admin.shopify.com/store/dfd10g-i2/products?query=agua-destilada-5l
algodao-disco-n21-50un,ALGODAO DISCO N21 50UN,,9.99,não,https://admin.shopify.com/store/dfd10g-i2/products?query=algodao-disco-n21-50un
bala-freegells-mix-sabores-azul-475gr-riclan,BALA FREEGELLS MIX SABORES AZUL 475GR RICLAN,122030,16.14,não,https://admin.shopify.com/store/dfd10g-i2/products?query=bala-freegells-mix-sabores-azul-475gr-riclan
bala-freegells-morango-475gr-riclan,BALA FREEGELLS MORANGO 475GR RICLAN,122990,16.14,não,https://admin.shopify.com/store/dfd10g-i2/products?query=bala-freegells-morango-475gr-riclan
biscoito-rosquinha-leite-500g-mabel,BISCOITO ROSQUINHA LEITE 500G MABEL,187807,12.01,não,https://admin.shopify.com/store/dfd10g-i2/products?query=biscoito-rosquinha-leite-500g-mabel
canecao-alum-16cm-2l-0803,CANECAO ALUM 16CM 2L 0803,87180,45.33,não,https://admin.shopify.com/store/dfd10g-i2/products?query=canecao-alum-16cm-2l-0803
cola-bastao-40g-901439,COLA BASTAO 40G 901439,98099,6.90,não,https://admin.shopify.com/store/dfd10g-i2/products?query=cola-bastao-40g-901439
condicionador-mais-cachos-325ml-skala,CONDICIONADOR  MAIS CACHOS 325ML SKALA,,22.29,não,https://admin.shopify.com/store/dfd10g-i2/products?query=condicionador-mais-cachos-325ml-skala
copo-transparente-ps-c-100-200ml-copoflex,COPO TRANSPARENTE PS C/100 200ML COPOFLEX,5270,9.43,não,https://admin.shopify.com/store/dfd10g-i2/products?query=copo-transparente-ps-c-100-200ml-copoflex
desinfetante-bambu-5l-lavve,DESINFETANTE BAMBU 5L LAVVE,1756,17.85,não,https://admin.shopify.com/store/dfd10g-i2/products?query=desinfetante-bambu-5l-lavve
desinfetante-de-lavanda-5l-lavve,DESINFETANTE DE LAVANDA 5L LAVVE,740,17.85,não,https://admin.shopify.com/store/dfd10g-i2/products?query=desinfetante-de-lavanda-5l-lavve
desodorante-roll-on-powder-fem-50ml-rexona,DESODORANTE ROLL-ON POWDER FEM 50ML REXONA,10072,13.20,não,https://admin.shopify.com/store/dfd10g-i2/products?query=desodorante-roll-on-powder-fem-50ml-rexona
esponja-dupla-face-verde-amarela-4x1-azulim,ESPONJA DUPLA FACE VERDE/AMARELA 4X1 AZULIM,,7.35,não,https://admin.shopify.com/store/dfd10g-i2/products?query=esponja-dupla-face-verde-amarela-4x1-azulim
flanela-branca-grande-38x58cm-ms,FLANELA BRANCA GRANDE 38X58CM MS,4548,6.21,não,https://admin.shopify.com/store/dfd10g-i2/products?query=flanela-branca-grande-38x58cm-ms
garrafa-termolar-1-8l-lumina-inox,"GARRAFA TERMOLAR 1,8L LUMINA INOX",63482,169.90,não,https://admin.shopify.com/store/dfd10g-i2/products?query=garrafa-termolar-1-8l-lumina-inox
lixeira-c-pedal-cz-60l-bralimpia,LIXEIRA C/PEDAL CZ 60L BRALIMPIA,3024,358.74,não,https://admin.shopify.com/store/dfd10g-i2/products?query=lixeira-c-pedal-cz-60l-bralimpia
lixeira-c-pedal-pr-12l-shangrila,LIXEIRA C/PEDAL PR 12L SHANGRILA,6290,48.40,não,https://admin.shopify.com/store/dfd10g-i2/products?query=lixeira-c-pedal-pr-12l-shangrila
lixeira-de-copos-agua-1-tubo-nobre-papacopo,LIXEIRA DE COPOS AGUA 1 TUBO NOBRE PAPACOPO,1419,42.00,não,https://admin.shopify.com/store/dfd10g-i2/products?query=lixeira-de-copos-agua-1-tubo-nobre-papacopo
manteiga-c-sal-500g-lecampo,MANTEIGA C/SAL 500G LECAMPO,182477,27.27,não,https://admin.shopify.com/store/dfd10g-i2/products?query=manteiga-c-sal-500g-lecampo
pano-de-chao-pp-extra-xadrez-55x80-rxnl,PANO DE CHÃO PP EXTRA XADREZ 55X80 RXNL,00115,8.17,não,https://admin.shopify.com/store/dfd10g-i2/products?query=pano-de-chao-pp-extra-xadrez-55x80-rxnl
pano-microfibra-60cmx80cm-c-2-nobre,PANO MICROFIBRA 60CMX80CM C/2 NOBRE,,41.20,não,https://admin.shopify.com/store/dfd10g-i2/products?query=pano-microfibra-60cmx80cm-c-2-nobre
papel-hig-rolao-100-celulose-300m-hpel,PAPEL HIG ROLAO 100% CELULOSE 300M  HPEL,11297,82.15,não,https://admin.shopify.com/store/dfd10g-i2/products?query=papel-hig-rolao-100-celulose-300m-hpel
papel-toa-bobina-branco-soft-hpel-6x200m,PAPEL TOA BOBINA BRANCO SOFT HPEL 6X200M,215167,68.15,não,https://admin.shopify.com/store/dfd10g-i2/products?query=papel-toa-bobina-branco-soft-hpel-6x200m
papel-toa-bobina-mili-equilibrio-soft-eco-6-rol-20g-200mx19cm,PAPEL TOA BOBINA MILI/EQUILIBRIO SOFT ECO 6 ROL 20G 200MX19CM,RV000183,104.36,não,https://admin.shopify.com/store/dfd10g-i2/products?query=papel-toa-bobina-mili-equilibrio-soft-eco-6-rol-20g-200mx19cm
papel-toa-interf-20-cm-x-21-cm-c-1000-fls-hpel,PAPEL TOA INTERF 20 CM X 21 CM  C/1000 FLS HPEL,5677,17.00,não,https://admin.shopify.com/store/dfd10g-i2/products?query=papel-toa-interf-20-cm-x-21-cm-c-1000-fls-hpel
papel-toa-interf-branco-19-5x20-c-1000-fls-benn,"PAPEL TOA INTERF BRANCO 19,5X20 C/1000 FLS BENN",3490,13.64,não,https://admin.shopify.com/store/dfd10g-i2/products?query=papel-toa-interf-branco-19-5x20-c-1000-fls-benn
papel-toa-interf-silver-20-5x20-c-1000-fls-belipel,"PAPEL TOA INTERF SILVER  20,5X20 C/1000 FLS BELIPEL",5798,0.00,não,https://admin.shopify.com/store/dfd10g-i2/products?query=papel-toa-interf-silver-20-5x20-c-1000-fls-belipel
porta-hig-em-rolao-mazzo-extra-lmpr500ex,PORTA HIG EM ROLAO MAZZO EXTRA LMPR500EX,,31.33,não,https://admin.shopify.com/store/dfd10g-i2/products?query=porta-hig-em-rolao-mazzo-extra-lmpr500ex
refil-mop-umido-ponta-dobrada-alg-240-gramas-vermelho,REFIL MOP UMIDO PONTA DOBRADA ALG 240 GRAMAS VERMELHO,2440,23.10,não,https://admin.shopify.com/store/dfd10g-i2/products?query=refil-mop-umido-ponta-dobrada-alg-240-gramas-vermelho
rodo-combinado-limpa-vidro-25cm-c-l-simples-sem-cabo,RODO COMBINADO LIMPA VIDRO 25CM C/L SIMPLES (SEM CABO),633,39.46,não,https://admin.shopify.com/store/dfd10g-i2/products?query=rodo-combinado-limpa-vidro-25cm-c-l-simples-sem-cabo
rodo-de-aluminio-60cm-ms,RODO DE ALUMINIO 60CM MS,659,73.00,não,https://admin.shopify.com/store/dfd10g-i2/products?query=rodo-de-aluminio-60cm-ms
rodo-limpa-vidros-odim,RODO LIMPA VIDROS ODIM,4879,79.84,não,https://admin.shopify.com/store/dfd10g-i2/products?query=rodo-limpa-vidros-odim
sabao-em-po-800g-maxima-limpeza-minuano,SABAO EM PO 800G MAXIMA LIMPEZA MINUANO,14451,16.38,não,https://admin.shopify.com/store/dfd10g-i2/products?query=sabao-em-po-800g-maxima-limpeza-minuano
saco-lixo-100l-preto-0-5-c-100-ples,SACO LIXO 100L PRETO 0.5 C/100 PLES,5,55.25,não,https://admin.shopify.com/store/dfd10g-i2/products?query=saco-lixo-100l-preto-0-5-c-100-ples
saco-lixo-100l-preto-office-c-100-ples,SACO LIXO 100L PRETO OFFICE C/100 PLES,34,44.20,não,https://admin.shopify.com/store/dfd10g-i2/products?query=saco-lixo-100l-preto-office-c-100-ples
saco-lixo-200l-preto-fibra-c-100,SACO LIXO 200L PRETO FIBRA C/100,5785,100.80,não,https://admin.shopify.com/store/dfd10g-i2/products?query=saco-lixo-200l-preto-fibra-c-100
saco-lixo-200l-preto-medio-c-100-newclean,SACO LIXO 200L PRETO MEDIO C/100 NEWCLEAN,2708,75.98,não,https://admin.shopify.com/store/dfd10g-i2/products?query=saco-lixo-200l-preto-medio-c-100-newclean
saco-lixo-200l-transparente-unidade-rolo-c-25-new-clean,SACO LIXO 200L TRANSPARENTE UNIDADE (ROLO C/25) NEW CLEAN,,49.00,não,https://admin.shopify.com/store/dfd10g-i2/products?query=saco-lixo-200l-transparente-unidade-rolo-c-25-new-clean
saco-lixo-300l-preto-0-7-c-100-ples,SACO LIXO 300L PRETO 0.7 C/100 PLES,,166.60,não,https://admin.shopify.com/store/dfd10g-i2/products?query=saco-lixo-300l-preto-0-7-c-100-ples
saco-lixo-300l-preto-super-reforcado-c-100-ples,SACO LIXO 300L PRETO SUPER REFORÇADO C/100 PLES,1355,189.50,não,https://admin.shopify.com/store/dfd10g-i2/products?query=saco-lixo-300l-preto-super-reforcado-c-100-ples
saco-lixo-60l-preto-c-100-papelial,SACO LIXO 60L PRETO C/100 PAPELIAL,21919,23.05,não,https://admin.shopify.com/store/dfd10g-i2/products?query=saco-lixo-60l-preto-c-100-papelial
saco-lixo-60l-preto-c-100-ples,SACO LIXO 60L PRETO C/100 PLES,31,28.59,não,https://admin.shopify.com/store/dfd10g-i2/products?query=saco-lixo-60l-preto-c-100-ples
saco-lixo-infectante-15l-c-100-zibag,SACO LIXO INFECTANTE 15L C/100 ZIBAG,,33.46,não,https://admin.shopify.com/store/dfd10g-i2/products?query=saco-lixo-infectante-15l-c-100-zibag
soda-escama-vorel-1kg,SODA ESCAMA VOREL 1KG,57421,24.86,não,https://admin.shopify.com/store/dfd10g-i2/products?query=soda-escama-vorel-1kg
suporte-lt-amarelo-plus-c-velcro-40x12cm,SUPORTE LT AMARELO PLUS C/VELCRO 40X12CM,1501,31.00,não,https://admin.shopify.com/store/dfd10g-i2/products?query=suporte-lt-amarelo-plus-c-velcro-40x12cm
tapete-pezinho,TAPETE PEZINHO,844,21.00,não,https://admin.shopify.com/store/dfd10g-i2/products?query=tapete-pezinho
vassoura-caipira-palha,VASSOURA CAIPIRA (PALHA),12204,34.00,não,https://admin.shopify.com/store/dfd10g-i2/products?query=vassoura-caipira-palha
vassoura-gari-piacava-60-cm-c-reforco,VASSOURA GARI PIACAVA 60 CM C/ REFORCO,1705,55.40,não,https://admin.shopify.com/store/dfd10g-i2/products?query=vassoura-gari-piacava-60-cm-c-reforco
vassoura-limpa-teto-sintetica-c-cabo,VASSOURA LIMPA TETO SINTETICA  C/ CABO,269,50.60,não,https://admin.shopify.com/store/dfd10g-i2/products?query=vassoura-limpa-teto-sintetica-c-cabo
vassoura-pelo-sintetico-30cm-1820-3,VASSOURA PELO SINTETICO 30CM 1820-3,15357,30.33,não,https://admin.shopify.com/store/dfd10g-i2/products?query=vassoura-pelo-sintetico-30cm-1820-3
vassoura-piacava-n-03-itapemirim-cb-liso,VASSOURA PIACAVA N. 03 ITAPEMIRIM CB LISO,78989961580190,22.89,não,https://admin.shopify.com/store/dfd10g-i2/products?query=vassoura-piacava-n-03-itapemirim-cb-liso
vassoura-piacava-n-05-itapemirim-cb-liso,VASSOURA PIACAVA N. 05 ITAPEMIRIM CB LISO,8989961580260,25.62,não,https://admin.shopify.com/store/dfd10g-i2/products?query=vassoura-piacava-n-05-itapemirim-cb-liso
