Handle,Title,Body (HTML),Vendor,Product Category,Type,Tags,Published,Option1 Name,Option1 Value,Variant SKU,Variant Grams,Variant Inventory Tracker,Variant Inventory Qty,Variant Inventory Policy,Variant Fulfillment Service,Variant Price,Variant Compare At Price,Variant Requires Shipping,Variant Taxable,Image Src,Image Position,Image Alt Text,Gift Card,Status
desinfetante-wave-5l-azulim,DESINFETANTE WAVE 5L AZULIM,,DISTRIBUIDORA NEW CLEAN,,,mais-vendidos,true,Title,Default Title,57282,20000,,,deny,manual,18.58,,true,true,https://cdn.shopify.com/s/files/1/0689/6903/7985/files/20f810d0fe4b2a114ec8cb83ad209a9c.webp?v=1765112449,1,DESINFETANTE WAVE 5L AZULIM,false,active
toa-de-papel-mili-200fls-2x100-fls,TOA DE PAPEL MILI 200FLS 2X100 FLS,,DISTRIBUIDORA NEW CLEAN,,,mais-vendidos,true,Title,Default Title,7896104997727,0,,,deny,manual,10.57,,true,true,https://cdn.shopify.com/s/files/1/0689/6903/7985/files/c87042c63ad89b224a8dea5493e08f41.webp?v=1765115121,1,TOA DE PAPEL MILI 200FLS 2X100 FLS,false,active
saco-lixo-60l-preto-super-ref-c-100-almofada-newclean,SACO LIXO 60L PRETO SUPER REF. C/100 ALMOFADA NEWCLEAN,,DISTRIBUIDORA NEW CLEAN,,,mais-vendidos,true,Title,Default Title,2401,0,,,deny,manual,60.07,,true,true,https://cdn.shopify.com/s/files/1/0689/6903/7985/files/023c867485d04a59c82ec9fd32e7d6c1.webp?v=1765114456,1,SACO LIXO 60L PRETO SUPER REF. C/100 ALMOFADA NEWCLEAN,false,active
multiuso-uso-diario-c-alcool-500ml-azulim,MULTIUSO USO DIARIO C/ ALCOOL 500ML AZULIM,,DISTRIBUIDORA NEW CLEAN,,,"mais-vendidos, oferta-demo",true,Title,Default Title,22707,6000,,,deny,manual,3.68,4.60,true,true,https://cdn.shopify.com/s/files/1/0689/6903/7985/files/914b03a95946f0ba39e55ceab2375019.png?v=1765113376,1,MULTIUSO USO DIARIO C/ ALCOOL 500ML AZULIM,false,active
limpador-perfumado-start-amor-1l-azulim,LIMPADOR PERFUMADO START AMOR 1L AZULIM,,DISTRIBUIDORA NEW CLEAN,,,mais-vendidos,true,Title,Default Title,53749,12030,,,deny,manual,7.82,,true,true,https://cdn.shopify.com/s/files/1/0689/6903/7985/files/be3435b48f907c01ba4b7267e2b584e7.png?v=1765113204,1,LIMPADOR PERFUMADO START AMOR 1L AZULIM,false,active
valvula-liquida-dosadora-dupla-reposicao-p-reserv-saboneteira-dosadora,VALVULA LIQUIDA DOSADORA DUPLA (REPOSICAO P/RESERV. SABONETEIRA DOSADORA),,DISTRIBUIDORA NEW CLEAN,,,mais-vendidos,true,Title,Default Title,33009,0,,,deny,manual,5.14,,true,true,https://cdn.shopify.com/s/files/1/0689/6903/7985/files/091c298f9fb3e81fa62ea86d02f0eb59.jpg?v=1765116055,1,VALVULA LIQUIDA DOSADORA DUPLA (REPOSICAO P/RESERV. SABONETEIRA DOSADORA),false,active
vassoura-piacava-n-05-prolar,VASSOURA PIACAVA N. 05 PROLAR,,DISTRIBUIDORA NEW CLEAN,,,mais-vendidos,true,Title,Default Title,1701,1000,,,deny,manual,27.90,,true,true,https://cdn.shopify.com/s/files/1/0689/6903/7985/files/ec2d09094b76d5a8bb97cd4f3eaddbdd.webp?v=1765116088,1,VASSOURA PIACAVA N. 05 PROLAR,false,active
copo-ps-c-5000un-50ml-cristalcopo,COPO PS C/5000UN 50ML CRISTALCOPO,,DISTRIBUIDORA NEW CLEAN,,,mais-vendidos,true,Title,Default Title,200001,0,,,deny,manual,117.42,,true,true,https://cdn.shopify.com/s/files/1/0689/6903/7985/files/1ffe78c91c49885244548470a88e875b.webp?v=1765112224,1,COPO PS C/5000UN 50ML CRISTALCOPO,false,active
tuff-sem-passar-start-60ml-blister,TUFF SEM PASSAR START 60ML BLISTER,,DISTRIBUIDORA NEW CLEAN,,,novidades,true,Title,Default Title,74854,720,,,deny,manual,8.36,,true,true,https://cdn.shopify.com/s/files/1/0689/6903/7985/files/dd1f46a105c66db06189d618d305af43.webp?v=1765116054,1,TUFF SEM PASSAR START 60ML BLISTER,false,active
suporte-papel-hig-rolao-br-32779-nobre,SUPORTE PAPEL HIG ROLAO BR 32779 (NOBRE),,DISTRIBUIDORA NEW CLEAN,,,novidades,true,Title,Default Title,1699,1000,,,deny,manual,77.54,,true,true,https://cdn.shopify.com/s/files/1/0689/6903/7985/files/3ab148fea9014e38b095323ad198b5d6.jpg?v=1765115057,1,SUPORTE PAPEL HIG ROLAO BR 32779 (NOBRE),false,active
tira-risco-e-descalcificante-200ml-indy,TIRA RISCO E DESCALCIFICANTE 200ML INDY,,DISTRIBUIDORA NEW CLEAN,,,"novidades, oferta-demo",true,Title,Default Title,16424,1320,,,deny,manual,27.94,36.32,true,true,https://cdn.shopify.com/s/files/1/0689/6903/7985/files/4130276949ec3b67ddee3a36a3caf328.webp?v=1765115113,1,TIRA RISCO E DESCALCIFICANTE 200ML INDY,false,active
tela-perfumada-p-mictorio-normal-tutti-frutti-uppro,TELA PERFUMADA P/ MICTORIO NORMAL TUTTI FRUTTI UPPRO,,DISTRIBUIDORA NEW CLEAN,,,novidades,true,Title,Default Title,41399,0,,,deny,manual,3.56,,true,true,https://cdn.shopify.com/s/files/1/0689/6903/7985/files/e4296f74ff39ae8db3bda3b118212344.jpg?v=1765115097,1,TELA PERFUMADA P/ MICTORIO NORMAL TUTTI FRUTTI UPPRO,false,active
shampoo-skala-mais-cachos-325ml,SHAMPOO SKALA MAIS CACHOS 325ML,,DISTRIBUIDORA NEW CLEAN,,,novidades,true,Title,Default Title,000000000000115553,0,,,deny,manual,8.35,,true,true,https://cdn.shopify.com/s/files/1/0689/6903/7985/files/f50a1d2b67252da3d0570a934a9f4ea3.webp?v=1765114575,1,SHAMPOO SKALA MAIS CACHOS 325ML,false,active
veja-limpeza-pesada-cloro-ativo-menor-de-500ml,Veja Limpeza Pesada Cloro Ativo Menor De..500ml,,DISTRIBUIDORA NEW CLEAN,,,novidades,true,Title,Default Title,02941-0,0,,,deny,manual,13.28,,true,true,https://cdn.shopify.com/s/files/1/0689/6903/7985/files/16c21449a3947bbfea651350fb113a87.jpg?v=1765116098,1,Veja Limpeza Pesada Cloro Ativo Menor De..500ml,false,active
saponaceo-em-po-lavanda-bombril-300g-sapolio-radium,SAPONACEO EM PO LAVANDA BOMBRIL 300G SAPOLIO RADIUM,,DISTRIBUIDORA NEW CLEAN,,,novidades,true,Title,Default Title,71064,0,,,deny,manual,10.22,,true,true,https://cdn.shopify.com/s/files/1/0689/6903/7985/files/37f8aff00f5a57bacbb00da508e34460.webp?v=1765114504,1,SAPONACEO EM PO LAVANDA BOMBRIL 300G SAPOLIO RADIUM,false,active
papel-toa-interf-2-dobras-100-cel-20cmx23cm-comfort-c-4800fls-nobre,PAPEL TOA INTERF 2 DOBRAS 100% CEL 20CMx23CM COMFORT C/4800FLS NOBRE,,DISTRIBUIDORA NEW CLEAN,,,novidades,true,Title,Default Title,37224,0,,,deny,manual,239.66,,true,true,https://cdn.shopify.com/s/files/1/0689/6903/7985/files/f02dd1ea752630fef93655812851d177.webp?v=1765113744,1,PAPEL TOA INTERF 2 DOBRAS 100% CEL 20CMx23CM COMFORT C/4800FLS NOBRE,false,active
starclor-desinfetante-hortifuticula-1kg-qualifood,STARCLOR DESINFETANTE HORTIFUTICULA 1KG QUALIFOOD,,DISTRIBUIDORA NEW CLEAN,,,,true,Title,Default Title,8304,12000,,,deny,manual,32.24,,true,true,https://cdn.shopify.com/s/files/1/0689/6903/7985/files/034625ae7f9f72c2d28d33f4d5ac50f1.webp?v=1765115027,1,STARCLOR DESINFETANTE HORTIFUTICULA 1KG QUALIFOOD,false,active
start-detergente-maq-5l,START DETERGENTE MAQ 5L,,DISTRIBUIDORA NEW CLEAN,,,oferta-demo,true,Title,Default Title,71442,21070,,,deny,manual,253.08,303.70,true,true,https://cdn.shopify.com/s/files/1/0689/6903/7985/files/d96da10c8a7fed02716c08445db067ed.webp?v=1765115028,1,START DETERGENTE MAQ 5L,false,active
luva-vabene-viniflex-m-c-100-caixa-c-100-unds,LUVA VABENE VINIFLEX M C 100 CAIXA C 100 UNDS,,DISTRIBUIDORA NEW CLEAN,,,,true,Title,Default Title,51113,0,,,deny,manual,51.80,,true,true,https://cdn.shopify.com/s/files/1/0689/6903/7985/files/ecfaa0e91b5fec1667d93ffd32ce9fa0.webp?v=1765113291,1,LUVA VABENE VINIFLEX M C 100 CAIXA C 100 UNDS,false,active
multiuso-veja-limpeza-pesada-veja-1l-x-14-cloro-ativo,MULTIUSO VEJA LIMPEZA PESADA VEJA 1L X-14 CLORO ATIVO,,DISTRIBUIDORA NEW CLEAN,,,,true,Title,Default Title,000000000000101986,0,,,deny,manual,21.17,,true,true,https://cdn.shopify.com/s/files/1/0689/6903/7985/files/5ed55e1fc054fa5b06d430bc3de43458.webp?v=1765113408,1,MULTIUSO VEJA LIMPEZA PESADA VEJA 1L X-14 CLORO ATIVO,false,active
lava-loucas-neutro-5l-lavve,LAVA LOUCAS NEUTRO 5L LAVVE,,DISTRIBUIDORA NEW CLEAN,,,,true,Title,Default Title,109,0,,,deny,manual,24.15,,true,true,https://cdn.shopify.com/s/files/1/0689/6903/7985/files/0f06bd68a3d8827f538f61cbc2fcf74e.png?v=1765112935,1,LAVA LOUCAS NEUTRO 5L LAVVE,false,active
sabao-pastoso-ruth-500g-coco,SABAO PASTOSO RUTH 500g COCO,,DISTRIBUIDORA NEW CLEAN,,,,true,Title,Default Title,000000000000101466,0,,,deny,manual,12.44,,true,true,https://cdn.shopify.com/s/files/1/0689/6903/7985/files/af53bde5ccdfb1928f36dc0630760e2a.webp?v=1765114169,1,SABAO PASTOSO RUTH 500g COCO,false,active
alcool-liquido-zerobac-cristal-spray-46-500ml-asseptgel,ALCOOL LIQUIDO ZEROBAC CRISTAL SPRAY 46% 500ML ASSEPTGEL,,DISTRIBUIDORA NEW CLEAN,,,,true,Title,Default Title,54359,5720,,,deny,manual,12.74,,true,true,https://cdn.shopify.com/s/files/1/0689/6903/7985/files/592519835dd2cc4b413f7edbe78c1ee6.webp?v=1765111488,1,ALCOOL LIQUIDO ZEROBAC CRISTAL SPRAY 46% 500ML ASSEPTGEL,false,active
papel-toa-interf-unique-duo-100-celulose-23x20cm-2000fls-mili,PAPEL TOA INTERF UNIQUE DUO 100% CELULOSE 23X20CM 2000FLS MILI,,DISTRIBUIDORA NEW CLEAN,,,,true,Title,Default Title,RV001701,0,,,deny,manual,132.10,,true,true,https://cdn.shopify.com/s/files/1/0689/6903/7985/files/2567ad8960435c7404007d9e714a5517.webp?v=1765113779,1,PAPEL TOA INTERF UNIQUE DUO 100% CELULOSE 23X20CM 2000FLS MILI,false,active
saco-rolo-p-freezer-20x33-2l-1kg-100un,SACO ROLO P/FREEZER 20X33 2L 1kg 100UN,,DISTRIBUIDORA NEW CLEAN,,,oferta-demo,true,Title,Default Title,000000000000115418,0,,,deny,manual,4.51,5.77,true,true,https://cdn.shopify.com/s/files/1/0689/6903/7985/files/669fa7db9b795e08fd5781484a672832.webp?v=1765114477,1,SACO ROLO P/FREEZER 20X33 2L 1kg 100UN,false,active
prato-plast-15cm-fundo-10un-cristalcopo,PRATO PLAST 15CM FUNDO 10UN CRISTALCOPO,,DISTRIBUIDORA NEW CLEAN,,,,true,Title,Default Title,000000000000113568,0,,,deny,manual,2.04,,true,true,https://cdn.shopify.com/s/files/1/0689/6903/7985/files/5df6fdf11af1954c6a18427cf2af7819.webp?v=1765113967,1,PRATO PLAST 15CM FUNDO 10UN CRISTALCOPO,false,active
pastilha-adesiva-odorizante-marine-c-03-und-azulim,PASTILHA ADESIVA ODORIZANTE MARINE C/ 03 UND AZULIM,,DISTRIBUIDORA NEW CLEAN,,,,true,Title,Default Title,25611,210,,,deny,manual,8.84,,true,true,https://cdn.shopify.com/s/files/1/0689/6903/7985/files/6f4573a961554e7b5f8191702a3d1583.jpg?v=1765113836,1,PASTILHA ADESIVA ODORIZANTE MARINE C/ 03 UND AZULIM,false,active
removedor-de-ceras-1l-azulim,REMOVEDOR DE CERAS 1L AZULIM,,DISTRIBUIDORA NEW CLEAN,,,,true,Title,Default Title,9520,13330,,,deny,manual,15.06,,true,true,https://cdn.shopify.com/s/files/1/0689/6903/7985/files/ae12d767e3a83ef3fbb9f70a166b5c5e.png?v=1765114039,1,REMOVEDOR DE CERAS 1L AZULIM,false,active
filtro-papel-n-103-30un-3-coracoes,FILTRO PAPEL N 103 30UN 3.CORACOES,,DISTRIBUIDORA NEW CLEAN,,,,true,Title,Default Title,000000000012037416,0,,,deny,manual,4.91,,true,true,https://cdn.shopify.com/s/files/1/0689/6903/7985/files/9703b8d40b4691d813d30557c2311196.webp?v=1765112717,1,FILTRO PAPEL N 103 30UN 3.CORACOES,false,active
desinfetante-perfumado-lavanda-5l-azulim,DESINFETANTE PERFUMADO LAVANDA 5L AZULIM,,DISTRIBUIDORA NEW CLEAN,,,,true,Title,Default Title,13630,4980,,,deny,manual,165.06,,true,true,https://cdn.shopify.com/s/files/1/0689/6903/7985/files/ec6367a9be4917c8ac6dd92ac550484c.jpg?v=1765112411,1,DESINFETANTE PERFUMADO LAVANDA 5L AZULIM,false,active
limpador-perfumado-carinho-1l-azulim,LIMPADOR PERFUMADO CARINHO 1L AZULIM,,DISTRIBUIDORA NEW CLEAN,,,,true,Title,Default Title,10420,12030,,,deny,manual,7.82,,true,true,https://cdn.shopify.com/s/files/1/0689/6903/7985/files/dc0734865f6740f3dc477284d8ef197d.jpg?v=1765113172,1,LIMPADOR PERFUMADO CARINHO 1L AZULIM,false,active
lava-loucas-maca-500ml-polylar,LAVA LOUCAS MACA 500ML POLYLAR,,DISTRIBUIDORA NEW CLEAN,,,oferta-demo,true,Title,Default Title,59278,12190,,,deny,manual,2.59,3.16,true,true,https://cdn.shopify.com/s/files/1/0689/6903/7985/files/12c402a5e2ada73fde48e4b79eb29bb8.jpg?v=1765112913,1,LAVA LOUCAS MACA 500ML POLYLAR,false,active
sabao-em-barra-glicerinado-amarelo-unidade,SABAO EM BARRA GLICERINADO AMARELO UNIDADE,,DISTRIBUIDORA NEW CLEAN,,,,true,Title,Default Title,,0,,,deny,manual,11.95,,true,true,https://cdn.shopify.com/s/files/1/0689/6903/7985/files/3cfc60e6cf19ea9bd543738bf8da810a.jpg?v=1765114115,1,SABAO EM BARRA GLICERINADO AMARELO UNIDADE,false,active
alcool-liquido-46-desinfetante-lavanda-zerobac-1l-asseptgel,ALCOOL LIQUIDO 46% DESINFETANTE LAVANDA ZEROBAC 1L ASSEPTGEL,,DISTRIBUIDORA NEW CLEAN,,,,true,Title,Default Title,52405,11440,,,deny,manual,8.36,,true,true,https://cdn.shopify.com/s/files/1/0689/6903/7985/files/59bd907df615b449cb112339434a7a10.webp?v=1765111453,1,ALCOOL LIQUIDO 46% DESINFETANTE LAVANDA ZEROBAC 1L ASSEPTGEL,false,active
saco-lixo-40l-preto-c-100-super-pro,SACO LIXO 40L PRETO C/100 SUPER PRO,,DISTRIBUIDORA NEW CLEAN,,,,true,Title,Default Title,SP18040PRM,0,,,deny,manual,38.95,,true,true,https://cdn.shopify.com/s/files/1/0689/6903/7985/files/5ba4e5ebc32dbc33c1002f798d1d4639.webp?v=1765114422,1,SACO LIXO 40L PRETO C/100 SUPER PRO,false,active
guardanapo-fs-21x22cm-50-flhs-mili,GUARDANAPO FS 21X22CM 50 FLHS MILI,,DISTRIBUIDORA NEW CLEAN,,,,true,Title,Default Title,,0,,,deny,manual,2.58,,true,true,https://cdn.shopify.com/s/files/1/0689/6903/7985/files/d5d7d5f92e670f68fc4576f2aaa9a3e7.webp?v=1765112837,1,GUARDANAPO FS 21X22CM 50 FLHS MILI,false,active
sabonete-liquido-provence-only-500ml,SABONETE LIQUIDO PROVENCE ONLY 500ML,,DISTRIBUIDORA NEW CLEAN,,,,true,Title,Default Title,58719,3060,,,deny,manual,10.68,,true,true,https://cdn.shopify.com/s/files/1/0689/6903/7985/files/8c38bfc29725164c337c038660721ef8.jpg?v=1765114257,1,SABONETE LIQUIDO PROVENCE ONLY 500ML,false,active
pano-microfibra-60x80-verde-slim-nobre,PANO MICROFIBRA 60X80 VERDE SLIM NOBRE,,DISTRIBUIDORA NEW CLEAN,,,,true,Title,Default Title,60103,0,,,deny,manual,11.24,,true,true,https://cdn.shopify.com/s/files/1/0689/6903/7985/files/e446ab7a5aba77670ecae27d6600435a.jpg?v=1765113591,1,PANO MICROFIBRA 60X80 VERDE SLIM NOBRE,false,active
rodo-pia-plastico,RODO PIA PLASTICO,,DISTRIBUIDORA NEW CLEAN,,,,true,Title,Default Title,33,0,,,deny,manual,6.00,,true,true,https://cdn.shopify.com/s/files/1/0689/6903/7985/files/47ce3ed14822d80ad895ec8fec6f4b43.png?v=1765114076,1,RODO PIA PLASTICO,false,active
luva-latex-verde-forrada-gg10-imbat,LUVA LATEX VERDE FORRADA  GG(10) IMBAT,,DISTRIBUIDORA NEW CLEAN,,,,true,Title,Default Title,72651,1960,,,deny,manual,6.58,,true,true,https://cdn.shopify.com/s/files/1/0689/6903/7985/files/b0c4bc5f57083bb374b36b95704b80c6.jpg?v=1765113278,1,LUVA LATEX VERDE FORRADA  GG(10) IMBAT,false,active
odorizador-carro-novo-80ml-indy,ODORIZADOR CARRO NOVO 80ML INDY,,DISTRIBUIDORA NEW CLEAN,,,,true,Title,Default Title,20220,430,,,deny,manual,10.60,,true,true,https://cdn.shopify.com/s/files/1/0689/6903/7985/files/48517760c9ec0044e9ee4ce15bd5bcd1.jpg?v=1765113486,1,ODORIZADOR CARRO NOVO 80ML INDY,false,active
lustra-moveis-floral-200ml-azulim,LUSTRA MOVEIS FLORAL 200ML AZULIM,,DISTRIBUIDORA NEW CLEAN,,,,true,Title,Default Title,33374,0,,,deny,manual,10.85,,true,true,https://cdn.shopify.com/s/files/1/0689/6903/7985/files/4e5cd4428b0cc0d5911f9434fe722d07.webp?v=1765113221,1,LUSTRA MOVEIS FLORAL 200ML AZULIM,false,active
porta-papel-toalha-interf-black-fortcom,PORTA PAPEL TOALHA INTERF BLACK FORTCOM,,DISTRIBUIDORA NEW CLEAN,,,,true,Title,Default Title,LDTI600BB,0,,,deny,manual,49.48,,true,true,https://cdn.shopify.com/s/files/1/0689/6903/7985/files/e1f3f73bf5fa232346e9f9cf9d3d671b.png?v=1765113956,1,PORTA PAPEL TOALHA INTERF BLACK FORTCOM,false,active
cafe-3-coracoes-fort-250g,CAFE 3 CORACOES FORT 250G,,DISTRIBUIDORA NEW CLEAN,,,,true,Title,Default Title,000000000012031014,0,,,deny,manual,20.61,,true,true,https://cdn.shopify.com/s/files/1/0689/6903/7985/files/3d54d0c2f88b90c9a8d5f2285e136d21.webp?v=1765111684,1,CAFE 3 CORACOES FORT 250G,false,active
desinfetante-lavics-lavanda-5l-vorel,DESINFETANTE LAVICS LAVANDA 5L VOREL,,DISTRIBUIDORA NEW CLEAN,,,,true,Title,Default Title,1508,19950,,,deny,manual,27.02,,true,true,https://cdn.shopify.com/s/files/1/0689/6903/7985/files/913e00a2f66ce7f4d3e388db933bec2b.webp?v=1765112355,1,DESINFETANTE LAVICS LAVANDA 5L VOREL,false,active
limpador-concentrado-citronela-coala-120ml,LIMPADOR CONCENTRADO CITRONELA COALA 120ML,,DISTRIBUIDORA NEW CLEAN,,,,true,Title,Default Title,31540-3,0,,,deny,manual,19.13,,true,true,https://cdn.shopify.com/s/files/1/0689/6903/7985/files/87f362cd95d342ea9b27ccb6d7cd62c2.webp?v=1765113072,1,LIMPADOR CONCENTRADO CITRONELA COALA 120ML,false,active
detergente-neutro-concentrado-5l-argus,DETERGENTE NEUTRO CONCENTRADO 5L ARGUS,,DISTRIBUIDORA NEW CLEAN,,,,true,Title,Default Title,177,20520,,,deny,manual,73.34,,true,true,https://cdn.shopify.com/s/files/1/0689/6903/7985/files/d87176a0c0c701cd9417798207f8babf.webp?v=1765112502,1,DETERGENTE NEUTRO CONCENTRADO 5L ARGUS,false,active
vinagre-galo-de-barcelos-alcool-750ml,VINAGRE GALO DE BARCELOS ALCOOL 750ML,,DISTRIBUIDORA NEW CLEAN,,,,true,Title,Default Title,130363,0,shopify,0,deny,manual,5.35,,true,true,https://cdn.shopify.com/s/files/1/0689/6903/7985/files/d9d93053cf554da014e393c9497d5eb2.webp?v=1765116100,1,VINAGRE GALO DE BARCELOS ALCOOL 750ML,false,active
vassoura-piacava-n-05-passe-limpe,VASSOURA PIACAVA N. 05 PASSE LIMPE,,DISTRIBUIDORA NEW CLEAN,,,,true,Title,Default Title,334,0,shopify,0,deny,manual,35.60,,true,true,https://cdn.shopify.com/s/files/1/0689/6903/7985/files/vassourapiacava_2af46031-b010-41b0-b4cc-3ef5680c108d.webp?v=1765116883,1,VASSOURA PIACAVA N. 05 PASSE LIMPE,false,active
vassoura-piacava-n-04-passe-limpe,VASSOURA PIACAVA N. 04 PASSE LIMPE,,DISTRIBUIDORA NEW CLEAN,,,,true,Title,Default Title,1702,1000,shopify,0,deny,manual,30.60,,true,true,https://cdn.shopify.com/s/files/1/0689/6903/7985/files/42423ea859fd76b3e8df7a63d4ec6dee.jpg?v=1765116082,1,VASSOURA PIACAVA N. 04 PASSE LIMPE,false,active
